Age,Gender,Income_Bracket,Education_Level,Vitamin_A_Intake_ug,Vitamin_D_Intake_IU,Zinc_Intake_mg,Iron_Intake_mg,Folate_Intake_ug,Hidden_Hunger_Flag
44,Female,upper_middle,tertiary,658.6,377,7.22,15.58,358,1
17,Female,lower_middle,tertiary,576.3,425,10.23,9.41,244,0
49,Male,low,secondary,552,228,11.82,7.83,379,0
22,Male,lower_middle,primary,645.9,164,9.76,13.11,358,0
16,Female,upper_middle,primary,330.8,199,9.27,12.07,450,1
49,Male,low,primary,579.7,135,9.08,11.38,294,0
40,Female,high,secondary,837.6,1555,9.43,14.76,442,1
42,Female,low,primary,509.3,245,7.95,12.05,159,1
60,Female,upper_middle,secondary,632.5,552,8,17.12,405,0
26,Male,upper_middle,tertiary,586.6,286,11.99,13.63,414,0
52,Female,low,secondary,627.1,268,4.08,4,372,0
23,Female,upper_middle,secondary,770.5,1041,12.62,16.32,506,1
36,Female,high,tertiary,780.3,561,12.25,10.83,496,0
38,Male,low,primary,668.6,325,9.2,10.05,544,1
16,Male,low,secondary,743.5,328,4.9,10.82,427,1
15,Female,low,primary,685.9,183,8.52,5.56,481,0
17,Male,lower_middle,secondary,456.5,298,6.33,8.45,303,1
42,Male,upper_middle,tertiary,614.1,522,9.16,13.69,365,1
39,Male,low,primary,353.8,498,5.59,8.42,186,1
57,Female,high,primary,583.4,547,14.56,13.72,201,0
44,Male,upper_middle,tertiary,717,518,10.58,14.96,480,1
18,Male,lower_middle,secondary,423.9,354,10.4,5.31,361,0
56,Female,upper_middle,tertiary,872.2,747,11.55,10.51,460,0
58,Female,high,secondary,1028.7,707,12.92,10.04,410,1
46,Male,low,secondary,570.4,50,7.6,7.51,332,1
42,Female,lower_middle,secondary,394.3,234,9.18,7.64,344,0
12,Female,low,primary,446.1,492,7.65,7.92,458,0
10,Male,high,tertiary,934.7,1825,14.19,19.48,463,0
19,Male,lower_middle,primary,920.4,415,13.52,8.67,448,0
29,Male,low,secondary,391.9,518,5.36,7.68,303,0
9,Male,low,secondary,753.2,253,5.44,10.27,312,1
54,Female,upper_middle,secondary,605.1,574,11.47,7.26,478,0
31,Female,low,secondary,750.9,250,6.42,9.3,251,0
44,Female,lower_middle,tertiary,533.1,324,7.9,10.78,365,0
16,Male,upper_middle,secondary,607,706,11.71,13.16,301,0
23,Female,upper_middle,secondary,669.4,522,10.29,18.91,387,0
11,Male,upper_middle,secondary,1149.3,638,9.37,10.28,639,0
46,Male,lower_middle,primary,938.5,335,9.64,14.02,519,0
48,Male,upper_middle,secondary,460.1,444,10.96,11.2,376,1
17,Female,lower_middle,secondary,400,219,6.54,13.88,315,1
45,Female,lower_middle,tertiary,591,189,9.06,10.94,467,1
9,Male,upper_middle,tertiary,608.7,467,8.07,11.8,347,0
26,Male,low,primary,752.6,50,4.63,7.01,297,1
13,Male,low,secondary,464.6,429,9.54,9.56,275,1
46,Male,low,secondary,414.1,470,9.47,6.66,445,1
24,Male,low,secondary,862.4,1121,7.62,9.45,394,0
31,Female,upper_middle,tertiary,785.1,445,9.19,10.19,549,0
31,Female,low,primary,368.3,542,8.87,10.2,346,1
31,Male,high,tertiary,1493.3,1096,12.4,17.13,411,0
19,Female,low,secondary,451.1,257,9.04,8.08,147,1
36,Female,lower_middle,primary,517.2,619,9.17,11.91,258,1
50,Male,upper_middle,primary,787.8,1018,12.25,11.85,613,1
32,Male,upper_middle,primary,750.9,532,10.13,11.93,367,0
15,Female,low,secondary,460.1,293,9.41,10.73,415,1
6,Male,upper_middle,secondary,623.3,476,7.91,8.99,436,0
12,Female,high,secondary,883.7,449,9.65,9.63,526,0
9,Female,low,secondary,403.4,50,5.22,8.08,420,1
10,Male,upper_middle,tertiary,720.4,428,2.83,7.76,449,0
11,Female,lower_middle,tertiary,786,347,5.17,15.46,321,0
38,Female,low,secondary,570.8,169,9.89,14.15,419,1
50,Male,high,tertiary,832.3,205,9.17,16.18,267,1
52,Female,high,tertiary,480.4,181,11.89,11.76,390,1
41,Male,upper_middle,secondary,784,420,9.27,8.93,223,0
38,Male,low,secondary,179.8,183,8.87,10.99,256,1
23,Female,upper_middle,secondary,754,541,9.55,14.89,467,0
57,Female,lower_middle,primary,563.2,252,11.72,13.22,343,1
40,Male,low,secondary,679.6,175,7.24,8.78,255,0
45,Female,upper_middle,tertiary,703.7,142,7.1,13.48,516,0
46,Female,low,secondary,248.5,372,5.89,7.5,274,1
53,Male,low,primary,626.1,50,6.36,12.12,307,1
44,Female,lower_middle,secondary,438.1,192,10.55,15.12,224,0
57,Female,lower_middle,primary,550.5,443,8.01,6.88,267,1
35,Male,upper_middle,tertiary,898.5,236,10.52,8.76,300,1
35,Male,low,tertiary,436.9,658,10.22,5.73,342,0
19,Male,upper_middle,primary,463.2,299,12.39,8.8,426,0
57,Male,upper_middle,secondary,688.9,183,9.23,9.91,535,1
35,Female,high,tertiary,742.7,408,11.69,7.68,303,0
32,Male,high,tertiary,593.3,108,11.33,10.88,521,1
22,Female,upper_middle,secondary,597.9,452,10.24,10.31,419,0
20,Female,low,primary,454.7,533,7.12,11.39,287,1
40,Male,lower_middle,secondary,641.9,129,5.18,9.91,304,1
30,Male,low,primary,872.6,370,6.04,10.39,344,0
36,Male,lower_middle,primary,554,50,8.89,15.39,438,0
42,Female,low,primary,433.1,99,9.31,9.77,272,0
55,Female,upper_middle,secondary,811.2,486,8.41,10.8,203,0
23,Male,low,primary,620.4,212,5.76,9.7,413,1
43,Male,upper_middle,secondary,605.6,325,14.31,14.02,389,1
55,Male,lower_middle,secondary,716.4,438,8.04,7.9,284,1
30,Female,lower_middle,secondary,530.3,250,6.6,9.11,176,1
19,Male,high,tertiary,768.6,1304,10.21,15.36,633,0
21,Male,upper_middle,secondary,418.2,392,5.56,13.83,401,1
24,Male,low,secondary,532.5,293,6.39,4,271,1
40,Female,upper_middle,tertiary,863.5,330,10,12.37,307,0
19,Male,lower_middle,primary,774.9,1349,12.2,13.19,364,0
51,Male,upper_middle,tertiary,600,128,11.09,13.18,472,1
24,Female,lower_middle,secondary,780.3,313,6.44,9.58,354,1
8,Male,lower_middle,secondary,567.8,384,7.64,10.33,328,0
5,Male,upper_middle,tertiary,717.5,482,5.4,9.33,445,0
6,Female,lower_middle,secondary,296.7,385,11.34,12.63,406,1
40,Male,low,primary,551.1,101,7.69,15.58,296,1
24,Female,upper_middle,secondary,754.2,50,14.07,13.09,346,0
20,Female,low,secondary,396.2,332,7.77,4.82,395,1
39,Female,low,secondary,368.4,482,9.2,7.59,239,1
8,Male,lower_middle,secondary,545.6,389,11.39,6.92,195,0
35,Male,low,secondary,453.2,321,9.7,8.05,464,0
39,Female,upper_middle,secondary,360.5,388,11.04,14.57,308,0
6,Male,upper_middle,primary,1036.5,423,7.78,7.24,335,1
14,Female,high,tertiary,856.2,451,13.88,16.38,525,0
26,Male,low,secondary,814.6,324,7.87,11.02,299,1
22,Female,upper_middle,tertiary,645.6,512,9.8,10.06,433,0
58,Female,low,primary,384.1,271,4.49,9.68,386,1
29,Female,upper_middle,tertiary,730.3,590,12.63,13.63,203,0
41,Male,low,primary,609.3,379,8.09,6.88,130,0
13,Male,lower_middle,primary,804.8,278,9.88,9.01,330,0
50,Female,lower_middle,secondary,751.8,199,9.06,13.03,342,1
17,Female,upper_middle,tertiary,747.1,369,7.13,11.09,352,0
47,Female,low,primary,477.9,343,9.05,4.09,400,1
31,Male,upper_middle,secondary,525.6,425,11.74,9.67,327,1
27,Male,low,secondary,803.2,680,7.93,6.75,217,1
31,Female,lower_middle,secondary,461.4,441,11.28,7.52,483,1
35,Female,upper_middle,secondary,645.7,1163,9.73,13.28,357,0
19,Female,lower_middle,secondary,793.5,310,10.59,14.08,587,0
11,Female,upper_middle,secondary,1019.6,214,10.07,10.61,367,1
21,Female,upper_middle,secondary,646,196,9.39,12.47,391,1
60,Female,low,secondary,786,396,9.17,13.31,308,0
20,Female,lower_middle,primary,903.1,1109,10.45,12.87,308,0
42,Male,lower_middle,secondary,560.4,506,6.74,12.27,226,1
19,Male,lower_middle,secondary,605.9,292,3.15,4.26,299,1
51,Male,low,secondary,457.8,235,9.78,8.28,269,0
32,Female,high,tertiary,578.4,505,9.75,11.62,442,1
36,Male,low,primary,679.1,458,5.27,7.18,398,1
16,Male,low,secondary,654.7,167,3,4,242,1
39,Male,low,primary,929.7,461,9.26,11.99,157,0
32,Male,lower_middle,secondary,606.1,721,7.42,6.49,353,0
44,Female,upper_middle,secondary,705.6,450,10.08,9.93,342,0
18,Female,lower_middle,secondary,528.2,464,6.88,5.85,434,0
39,Male,high,secondary,973.4,645,11.3,10.89,609,0
51,Male,low,secondary,918.2,478,9.99,11.59,368,0
31,Female,high,secondary,1153.5,316,8,14.09,373,0
15,Male,upper_middle,tertiary,689.7,651,10.3,10.01,368,0
9,Female,upper_middle,tertiary,619.5,289,9.73,13.02,514,0
53,Male,lower_middle,secondary,787.5,365,12.82,17.11,300,1
33,Female,low,primary,565.5,417,7.61,7.97,203,1
14,Male,upper_middle,secondary,994.4,1129,9.83,17.29,634,0
21,Female,low,secondary,565.6,303,6.19,8.07,362,0
47,Male,high,tertiary,709.6,508,17.24,13.36,397,0
25,Male,low,secondary,574.7,720,8.71,13.73,356,1
39,Female,lower_middle,secondary,572.3,241,6.16,8.13,358,1
50,Male,lower_middle,secondary,640.7,378,11.03,8.53,249,1
16,Female,low,primary,487.5,50,10.12,9.92,316,0
53,Male,low,primary,604.1,265,10.9,11.18,437,0
47,Female,lower_middle,primary,472.1,280,7.44,14.81,373,0
23,Female,low,secondary,504.1,644,7.14,10.96,141,0
18,Female,lower_middle,secondary,586.8,309,8.67,11.32,447,1
24,Male,lower_middle,secondary,621,480,9.13,13.53,326,1
9,Female,upper_middle,tertiary,545.5,555,7.03,10.24,370,0
29,Male,lower_middle,primary,564.1,185,9.8,7.13,268,1
39,Male,lower_middle,primary,635.5,374,5.14,9.61,387,1
48,Female,lower_middle,primary,338.9,328,9.77,5.03,414,0
35,Female,upper_middle,primary,903.7,1257,13.01,16.74,397,0
11,Female,low,primary,549.3,246,7.43,8.31,330,0
40,Male,upper_middle,secondary,574.2,518,13.67,8.87,329,0
10,Male,upper_middle,secondary,554.5,567,8.16,8.02,282,0
14,Female,upper_middle,secondary,536.7,833,12.8,20.33,650,0
58,Male,low,secondary,438.2,531,7.3,13.64,402,0
18,Male,low,primary,662.2,438,8.5,17.14,239,1
37,Male,upper_middle,tertiary,493,380,9.85,13.86,485,0
43,Female,low,primary,461.4,395,8.43,7.2,417,1
50,Female,low,primary,561.2,483,6.91,9.79,333,1
9,Male,lower_middle,primary,414.4,405,10.88,11.9,421,1
52,Female,low,primary,440.9,275,6.6,4,420,1
54,Female,lower_middle,primary,326.9,294,9.03,13.42,415,1
43,Male,high,tertiary,863,1186,11.94,17.84,655,1
29,Male,high,secondary,602.4,1077,12.5,14.74,534,0
20,Male,low,secondary,456,474,9.41,14.42,163,1
39,Male,lower_middle,secondary,614.8,310,8.45,4.58,369,0
42,Male,low,primary,347,575,6.38,9.94,237,0
22,Female,high,secondary,668.7,489,8.49,14,575,0
43,Female,lower_middle,secondary,564.2,214,10.57,6.48,242,0
15,Male,upper_middle,tertiary,745.4,491,9.12,19.67,683,0
19,Male,low,tertiary,857.6,1441,12.47,17.01,624,0
5,Female,lower_middle,secondary,618.4,180,6.97,6,247,1
21,Female,low,secondary,688.1,50,8.88,4.02,568,1
16,Female,lower_middle,secondary,658.4,702,8.54,11.02,366,0
51,Female,lower_middle,primary,551.8,701,11.28,11.15,471,0
53,Male,upper_middle,secondary,792.5,770,11.59,12.15,426,0
53,Female,lower_middle,secondary,688.4,242,4.87,4,713,1
59,Female,upper_middle,secondary,551.5,106,12.65,13.81,468,0
40,Male,lower_middle,primary,795.8,232,11.42,10.38,123,1
29,Male,low,secondary,417.4,781,5.2,8.63,283,0
37,Male,lower_middle,secondary,503.6,358,9.53,9.32,319,1
26,Male,upper_middle,secondary,530.3,360,9.78,14.58,447,1
31,Male,high,secondary,902.2,297,12.95,11.63,401,0
20,Male,low,primary,663,207,9.04,8.37,257,0
43,Female,low,primary,412.1,543,6.34,7.96,422,0
59,Female,low,secondary,697.8,332,7.97,9.86,216,1
13,Female,low,primary,637,439,9.43,12.05,334,1
8,Female,upper_middle,secondary,467.1,143,8.66,14.29,248,0
26,Female,upper_middle,tertiary,772.3,328,9.02,8.34,389,1
27,Male,upper_middle,tertiary,558.1,313,10.28,14.12,260,0
28,Female,upper_middle,secondary,491.2,50,8.16,11.51,366,1
14,Female,low,primary,211.8,565,9.35,11.05,145,0
14,Female,lower_middle,secondary,525,260,8.64,5.73,441,1
18,Male,low,primary,673.5,569,4.27,8.36,268,0
37,Female,lower_middle,primary,741.9,819,6.53,11.97,346,0
48,Female,low,primary,564.1,442,6.49,8.13,462,1
31,Female,lower_middle,primary,612.1,50,9.64,12.11,365,1
16,Male,lower_middle,secondary,292.4,517,5.38,7.37,147,1
28,Female,lower_middle,secondary,588,270,8.68,4.32,276,1
35,Female,high,secondary,805.8,804,11.86,19.74,492,0
57,Male,high,secondary,993.5,417,10.37,13.71,282,1
25,Female,lower_middle,primary,560.2,726,11.37,15.23,333,1
18,Female,low,secondary,700.6,174,5.69,13.36,338,1
33,Female,high,secondary,583.6,754,12.19,13.93,512,1
8,Female,low,primary,622.6,365,2.15,13.25,313,1
23,Male,high,secondary,1011,191,14.2,14.84,420,0
14,Female,low,secondary,862.2,375,8.99,5.92,361,1
20,Male,lower_middle,tertiary,854.1,188,4.3,8.62,243,0
12,Male,low,primary,520.5,354,10.31,14,308,0
20,Male,low,tertiary,543.3,277,7.54,8.76,297,1
24,Male,lower_middle,secondary,693.6,438,9.25,9.87,419,1
9,Female,lower_middle,primary,583.8,447,7.61,9.93,427,1
24,Female,upper_middle,tertiary,653.9,789,11.06,15.05,562,1
31,Male,lower_middle,primary,722.7,200,8.81,6.92,448,0
10,Female,high,secondary,525.1,331,11.85,13.13,248,0
54,Female,upper_middle,secondary,904,743,8.53,13.86,584,0
54,Male,lower_middle,tertiary,539,546,5.85,16.14,283,0
58,Male,upper_middle,primary,741.4,102,10.42,11.62,332,0
11,Male,high,secondary,746.8,50,11.92,11.69,411,0
6,Male,low,primary,542.6,94,9.33,8.31,323,0
59,Male,high,tertiary,714.5,251,13.6,9.58,500,1
56,Male,upper_middle,tertiary,715.3,340,11.52,12.07,588,0
49,Male,lower_middle,secondary,524.4,478,6.79,7.66,333,1
11,Male,lower_middle,secondary,716.6,323,10.91,7.1,254,0
42,Female,lower_middle,secondary,325,598,8.44,9.48,382,0
46,Male,upper_middle,tertiary,662.7,93,9.32,11.88,529,1
21,Male,lower_middle,secondary,833,359,5.52,12.56,349,0
55,Male,lower_middle,secondary,765.8,172,7.97,12.42,422,0
47,Female,upper_middle,secondary,730.1,413,10.89,10.9,177,1
14,Male,upper_middle,primary,1035.5,1225,10.43,14.23,416,1
37,Female,high,tertiary,496.8,233,10.2,12.65,357,0
23,Female,lower_middle,tertiary,712.5,370,11,14.61,409,1
48,Female,upper_middle,secondary,819.2,613,10.52,11.28,406,1
26,Female,low,primary,263.3,610,7.96,14.95,315,1
53,Female,high,tertiary,882.9,457,12.4,11.5,373,0
24,Male,lower_middle,secondary,511.4,440,6.25,11,447,0
42,Female,lower_middle,primary,583.3,223,7.98,10.86,408,1
33,Female,upper_middle,tertiary,575.8,519,8.41,8.31,286,1
28,Male,lower_middle,secondary,621.1,50,9.09,17.77,252,1
5,Female,lower_middle,tertiary,673,169,8.61,10.37,362,0
60,Male,lower_middle,primary,665.1,406,8.53,8.4,282,0
28,Male,upper_middle,secondary,821,372,11.01,12.51,591,0
23,Female,lower_middle,secondary,720.2,257,11.11,10.01,350,0
54,Female,low,secondary,649.5,632,10.64,6.48,396,1
5,Male,high,secondary,494.9,225,13.23,11.97,305,1
9,Male,upper_middle,secondary,746.5,356,10.78,10.7,502,0
31,Male,lower_middle,primary,618.5,438,10.67,10.34,398,0
32,Male,upper_middle,secondary,639.4,64,7.25,8.82,386,1
52,Male,upper_middle,secondary,680.3,719,11.69,11.2,514,0
31,Male,upper_middle,tertiary,511.4,360,10.78,11.22,305,1
44,Male,upper_middle,secondary,513,539,15.53,9.91,476,0
48,Female,low,primary,566.3,420,10.25,9.45,436,1
19,Female,low,secondary,519.8,324,8.02,9.02,484,1
59,Female,lower_middle,secondary,783,441,12.91,9.91,414,0
57,Female,upper_middle,primary,169.9,480,11.84,16,281,1
44,Female,upper_middle,primary,983.3,1085,14.16,18.23,383,1
7,Female,low,primary,625.5,347,9.59,7.45,273,0
20,Male,low,primary,890.9,310,9.98,13.2,350,1
12,Female,upper_middle,secondary,618.4,371,6.38,10.33,461,0
42,Male,upper_middle,secondary,833.8,564,11.31,12.17,407,0
6,Female,lower_middle,secondary,575.9,135,10.64,10.84,455,1
24,Female,lower_middle,primary,366.3,347,7.64,7.99,498,1
5,Female,low,primary,377.3,50,7.79,11.25,341,1
48,Female,low,secondary,619.3,426,4.17,13.23,262,1
26,Male,low,secondary,317.6,176,10.39,6.13,331,1
42,Female,upper_middle,secondary,978.7,487,12.47,11.75,225,1
14,Female,low,primary,476.9,351,7.95,5.19,384,1
59,Female,lower_middle,secondary,349.1,108,4.33,8.47,330,1
29,Male,high,tertiary,908.2,1203,11.8,11.46,559,0
53,Male,upper_middle,tertiary,820.3,158,10.63,15.16,319,1
60,Female,upper_middle,tertiary,570.1,693,10.82,11,221,1
7,Male,lower_middle,primary,500.1,433,7.01,11.88,299,0
59,Female,upper_middle,tertiary,820.4,437,10.73,14.76,290,0
21,Male,lower_middle,secondary,663.2,660,8.45,13.33,183,1
57,Female,lower_middle,tertiary,692.4,438,10.63,7,324,0
53,Male,upper_middle,secondary,779.8,1249,11.31,20.5,646,0
9,Male,lower_middle,secondary,531.8,198,6.9,13.93,287,0
38,Female,low,secondary,576.5,305,7.48,5.42,270,0
9,Male,lower_middle,primary,734.7,396,10.19,11,384,0
24,Male,high,tertiary,776.6,130,6.4,10.69,438,0
54,Female,low,primary,554.7,355,9.12,6.71,305,1
8,Male,lower_middle,secondary,560.4,218,9.89,13.67,353,1
37,Male,lower_middle,secondary,496.4,291,9.69,9.2,303,1
47,Female,high,secondary,954.3,455,8.4,9.25,476,0
42,Male,lower_middle,tertiary,614.1,327,9.04,11.39,243,0
5,Female,low,primary,580.8,326,5.08,14.71,172,1
42,Male,low,secondary,288.4,495,4.22,11.87,320,0
10,Female,lower_middle,secondary,493.3,404,9.18,10.84,286,0
50,Male,low,primary,256.7,50,4.81,13.28,219,1
60,Male,low,secondary,430.6,260,7.24,7.89,158,1
59,Female,low,secondary,547.7,592,8.6,9.05,166,1
48,Female,high,tertiary,840,735,11.34,14.85,470,0
23,Female,lower_middle,secondary,799.1,368,5.8,15.02,349,1
53,Male,lower_middle,primary,383.2,50,9.24,9.93,370,0
37,Male,low,primary,450.9,373,6.71,6.85,100,1
31,Male,lower_middle,primary,790.2,264,9.32,10.75,535,0
37,Male,lower_middle,secondary,511.9,282,11.04,11.12,353,1
14,Female,low,primary,645.7,354,13.99,10.56,179,0
11,Male,lower_middle,secondary,664.6,674,9.46,8.74,380,0
34,Male,upper_middle,secondary,627.2,468,7.97,5.89,279,1
36,Female,lower_middle,secondary,710.1,275,8.58,7.75,347,1
28,Female,low,secondary,640,361,10.68,10.91,272,0
44,Female,low,secondary,579.7,448,10.86,7.65,175,1
14,Female,high,secondary,576.6,390,9.88,11.56,402,1
30,Female,lower_middle,secondary,333,353,8.22,9.68,291,0
14,Female,upper_middle,secondary,741.4,293,9.2,12.11,372,1
28,Male,upper_middle,secondary,734.2,212,7.14,13.54,294,0
19,Male,lower_middle,secondary,423,370,8.38,10.88,242,1
44,Female,upper_middle,secondary,983.8,279,4.99,13.01,406,1
57,Male,lower_middle,secondary,468.1,413,10.27,8.75,335,1
44,Female,low,tertiary,652.5,259,7.97,14.59,487,0
60,Male,lower_middle,secondary,947,271,10.62,6.65,312,1
11,Female,lower_middle,secondary,727.9,375,9.35,11.19,348,0
44,Male,lower_middle,secondary,615.2,321,7.19,7.54,278,1
21,Female,high,secondary,887.8,389,14.28,15.73,404,0
45,Male,upper_middle,secondary,656,50,11,11.75,205,1
32,Female,upper_middle,secondary,569.4,330,5.94,11.03,404,0
46,Female,low,secondary,526.4,50,8.56,8.76,287,1
11,Male,low,primary,691.5,279,9.3,14.02,187,1
33,Male,high,tertiary,460.3,469,12.98,11.78,288,1
27,Male,lower_middle,secondary,655.2,59,5.56,11.25,196,1
14,Male,lower_middle,primary,455.6,1373,10.32,13.83,406,1
16,Male,low,primary,552.8,390,7.85,7.88,518,1
54,Female,upper_middle,secondary,626,498,6.98,12.25,625,0
41,Male,upper_middle,secondary,743.1,164,9.49,14.37,270,0
54,Female,upper_middle,tertiary,1043.3,1258,7.55,9.32,256,1
39,Male,low,primary,508.7,348,3.91,12.73,203,0
44,Male,low,primary,613.4,1079,13.12,19,465,0
54,Male,lower_middle,tertiary,668.7,237,7.99,8.79,373,1
57,Female,upper_middle,tertiary,1052.2,540,8.44,12.33,504,1
8,Female,low,secondary,572.7,210,7.77,7.71,315,0
59,Male,low,primary,640.8,50,9.09,9.21,237,1
37,Male,upper_middle,secondary,931.4,357,7.74,13.36,352,0
33,Female,upper_middle,secondary,716.3,639,8.31,10.31,478,1
51,Female,lower_middle,primary,644.4,574,9.62,10.36,178,0
47,Female,lower_middle,secondary,800.8,50,10.26,8.64,239,1
20,Female,low,primary,664.2,304,7.29,8.72,264,0
39,Male,low,primary,211.6,69,7.37,5.85,316,1
40,Female,low,primary,606.8,282,8.93,9.2,372,1
11,Female,low,primary,260.7,319,7.81,7.88,401,1
7,Female,upper_middle,primary,932.7,331,8.88,13.04,523,1
22,Female,lower_middle,secondary,701.3,360,8.18,13.13,430,0
45,Male,lower_middle,secondary,518.4,368,5.43,12.09,222,0
8,Female,high,secondary,1056.2,961,17.14,14.08,776,0
47,Male,low,secondary,697,50,9.84,10.69,463,0
54,Female,lower_middle,tertiary,720.8,589,7.72,7.63,335,1
26,Female,upper_middle,tertiary,658.4,508,11.29,16.99,380,0
6,Female,lower_middle,secondary,724.2,436,10.31,15.83,282,1
44,Male,low,secondary,805.1,595,5.24,9.05,449,1
35,Female,low,primary,657,340,10.84,10.61,297,1
47,Female,lower_middle,tertiary,875,469,5.83,5.06,424,0
14,Female,low,primary,597.7,216,8.49,7.59,100,1
27,Female,low,primary,557.4,303,11.09,11.45,416,1
13,Male,low,secondary,418.6,353,8.82,7.75,389,1
10,Male,low,tertiary,658.9,1101,10.93,8.37,519,0
14,Male,upper_middle,primary,580.8,564,7.33,15.13,436,0
33,Male,low,secondary,553.5,351,8.48,5.17,227,1
54,Female,lower_middle,primary,516.6,197,9.5,14.45,342,0
16,Female,upper_middle,tertiary,686.6,485,6.62,12.71,422,1
32,Male,low,primary,734.9,451,11.98,9.59,303,1
41,Male,low,primary,584.3,233,6.89,9.54,185,0
24,Male,lower_middle,secondary,679.5,605,6.85,9.7,288,0
5,Male,lower_middle,secondary,692.1,510,10.3,7.65,376,0
60,Female,lower_middle,secondary,853.4,526,9.79,11.47,656,0
43,Male,low,primary,189.9,446,7.18,6.39,355,1
35,Female,high,secondary,471.6,450,7.27,14.05,293,0
23,Female,low,secondary,659.8,483,7.22,6.01,358,0
21,Male,upper_middle,tertiary,711.7,319,6.58,10.06,507,1
22,Female,high,tertiary,720.3,416,12.33,13.27,369,0
25,Male,low,primary,571,368,6.4,4.99,343,1
39,Female,high,tertiary,789.4,50,13.8,12.61,485,1
43,Female,low,primary,560.4,342,9.92,11.39,110,1
47,Male,lower_middle,secondary,782.3,1181,11.74,10.99,476,0
11,Female,lower_middle,secondary,411,361,8.31,11.75,468,1
22,Male,low,primary,614.3,50,8.37,14.16,158,1
47,Female,low,primary,150,394,12.09,6.7,335,1
43,Female,low,primary,427.4,356,6.27,7.98,307,1
54,Female,upper_middle,secondary,717.4,390,9.3,14.54,425,0
12,Male,low,primary,257.9,284,5.69,14.21,369,1
31,Female,lower_middle,primary,486.2,88,7.15,12.25,278,0
17,Male,lower_middle,primary,835.5,305,10.74,4.37,226,0
29,Female,upper_middle,tertiary,631.8,147,8.96,14.52,460,0
47,Female,low,secondary,410.1,582,9.18,6.6,402,0
13,Male,upper_middle,primary,774.3,473,10.9,15.85,621,1
33,Female,low,primary,581.2,327,8.87,11.22,190,1
28,Male,lower_middle,primary,997.5,515,11.08,10.57,556,0
7,Female,upper_middle,secondary,648,283,10.8,16.78,325,0
47,Female,low,secondary,197.7,467,5.84,7.52,213,1
50,Male,low,secondary,688.1,196,8.27,7.47,276,1
28,Female,upper_middle,tertiary,794.7,198,9.8,9.03,449,0
9,Male,upper_middle,secondary,539.8,554,8.6,12,449,0
39,Female,low,secondary,505.7,435,12.41,11.08,379,0
60,Male,low,primary,550.2,596,6.39,7.45,449,1
7,Female,high,tertiary,551.4,528,12.63,17.65,627,0
26,Female,upper_middle,secondary,655.5,347,10.47,9.25,385,0
17,Male,lower_middle,secondary,654.3,213,9.29,8.08,264,1
58,Male,upper_middle,secondary,815.8,50,9.6,15.53,396,0
16,Male,lower_middle,tertiary,662.9,652,8.46,8.54,418,0
54,Female,low,secondary,443.3,476,6.16,8.55,435,0
59,Female,low,secondary,760,50,4.81,7.17,294,1
49,Female,low,secondary,588.7,225,6.78,9.44,282,1
7,Male,upper_middle,secondary,644.5,181,12.31,10.23,352,1
11,Male,low,primary,555.8,364,7.54,6.37,412,1
17,Male,lower_middle,secondary,310.8,493,6.65,15.68,509,0
57,Male,high,tertiary,1367.5,1153,10.8,19.3,522,1
6,Female,low,secondary,452.9,50,8.87,7.42,415,0
41,Male,lower_middle,primary,628,255,12.26,14.24,340,1
40,Male,upper_middle,secondary,478.9,515,8.51,11.13,333,0
23,Female,high,tertiary,456.9,351,13.34,6.21,393,0
41,Male,high,tertiary,314.5,508,9.59,16.24,234,0
6,Male,high,tertiary,1004.4,100,11.89,14.63,435,0
24,Female,lower_middle,secondary,728.4,233,7.22,10.11,502,0
49,Male,high,secondary,682.8,417,12.43,12.31,477,0
7,Male,low,primary,756.3,663,6.88,6.19,302,1
39,Male,low,primary,602.4,514,7.06,9.5,312,1
29,Female,upper_middle,tertiary,621.7,628,13.71,11.1,521,0
55,Male,lower_middle,tertiary,618.7,743,11.43,9.81,405,0
14,Male,lower_middle,secondary,407.6,571,8.95,15.43,368,0
58,Female,upper_middle,tertiary,681.9,449,8.27,11.19,220,0
28,Female,upper_middle,secondary,476.5,302,9.67,11.3,500,0
39,Male,high,tertiary,368,718,12.65,11.24,436,0
25,Male,upper_middle,secondary,657.5,701,7.38,10.04,394,0
46,Female,upper_middle,tertiary,700.1,314,11.11,10.07,615,1
17,Male,upper_middle,tertiary,828.9,777,11.43,11.26,463,0
44,Male,lower_middle,secondary,702.8,428,7.67,8.48,350,1
52,Female,lower_middle,secondary,681.8,160,8.76,12.43,319,1
36,Female,low,primary,434.9,353,5.6,9.26,401,1
43,Female,lower_middle,secondary,490.8,412,6.5,7.5,224,0
31,Male,lower_middle,tertiary,270.1,335,8.28,10.42,264,1
31,Male,low,primary,462.8,160,12.94,12.08,198,0
31,Female,high,secondary,810,689,10.09,14.52,429,0
27,Male,lower_middle,secondary,523.3,214,9.21,11.1,342,1
54,Female,lower_middle,secondary,722.9,375,6.32,12.29,421,0
11,Male,upper_middle,tertiary,664,194,9.85,10.85,206,0
58,Male,low,primary,495.6,257,9.86,10.65,387,1
38,Male,lower_middle,secondary,948.6,748,10.43,10.05,516,0
21,Female,high,tertiary,788.7,429,10.24,12.96,633,0
33,Male,low,primary,311.2,157,6.48,10.88,412,0
36,Male,lower_middle,tertiary,586,496,12.53,12.35,470,0
55,Female,high,primary,897.9,591,8.23,12.9,478,0
51,Male,low,primary,706.1,508,8.53,9.18,292,1
59,Female,low,primary,740.8,85,8.29,10.17,227,1
10,Female,low,secondary,522.3,50,8.32,8.62,202,1
50,Female,low,secondary,417.5,194,10.2,7.19,100,0
60,Male,low,secondary,384.2,160,10.92,9.13,384,0
53,Male,low,primary,419.4,69,5.7,6.94,373,0
21,Male,low,secondary,237.5,455,6.71,9.52,376,1
32,Female,upper_middle,primary,671.9,681,6.83,11.94,404,0
45,Female,upper_middle,secondary,518.6,262,10.6,10.08,335,1
25,Female,upper_middle,tertiary,751.6,383,9.45,10.81,441,1
22,Female,lower_middle,secondary,610.8,362,9.49,13.28,375,0
31,Female,lower_middle,primary,779.8,584,11.34,12.97,197,0
52,Male,upper_middle,secondary,817.8,556,9.59,12.08,280,0
34,Male,lower_middle,tertiary,295.1,334,10.81,7.29,470,1
30,Male,upper_middle,tertiary,924,684,12.58,14.21,497,0
50,Female,upper_middle,tertiary,581.2,598,9.03,11.34,494,1
10,Female,lower_middle,tertiary,431.9,364,6.84,15.35,362,0
13,Female,high,secondary,704.7,50,13.25,12.48,226,1
20,Female,lower_middle,secondary,621.6,593,9.52,11.61,378,0
38,Female,upper_middle,secondary,583.6,410,7.07,11.78,446,1
24,Male,lower_middle,primary,588.2,319,9.01,15.48,214,0
55,Female,high,secondary,863.2,892,9.91,13.79,406,0
29,Female,lower_middle,secondary,600.4,1164,7.97,12.13,473,1
17,Female,low,primary,500,144,10.71,14.17,380,1
32,Male,lower_middle,secondary,442.4,189,9.62,14.67,309,1
21,Female,low,primary,813,639,5.82,10.14,378,0
59,Female,upper_middle,secondary,801.1,1088,9.65,8.58,408,0
52,Male,high,tertiary,821.9,664,8.19,11.13,422,1
45,Female,upper_middle,secondary,720.9,366,10.17,8.87,185,1
41,Male,lower_middle,primary,540.6,433,6.24,7.76,410,0
5,Female,lower_middle,secondary,882.9,1182,12.38,13.97,447,0
59,Male,upper_middle,secondary,458.6,381,7.48,11.4,347,1
40,Female,low,primary,497.8,279,4.83,12.98,166,1
40,Male,upper_middle,tertiary,720,484,9.24,10.28,257,0
35,Female,low,tertiary,257.4,721,4.38,6.12,270,1
58,Male,low,primary,610.4,146,6.87,4.53,407,1
24,Female,upper_middle,secondary,713.6,1260,10.06,15.62,504,0
51,Female,low,secondary,561.6,164,7.82,7.55,366,1
58,Male,low,primary,735.8,146,9.79,6.84,100,0
42,Female,lower_middle,secondary,750.5,390,9.63,9.24,371,0
54,Female,low,primary,824,604,8.67,7.66,242,1
15,Male,upper_middle,secondary,738.1,235,11.13,13.99,432,0
10,Female,high,primary,788.7,442,10.03,11.03,534,0
16,Female,low,primary,576.9,485,12.5,8.51,441,0
13,Male,upper_middle,primary,843.8,743,6.49,14.53,377,0
53,Female,lower_middle,secondary,611.4,228,5.21,11.91,329,1
26,Male,lower_middle,secondary,612.1,177,7.16,11.18,423,0
23,Male,lower_middle,tertiary,613.8,479,6.31,9.71,377,0
47,Male,lower_middle,secondary,439.5,73,7.55,9.09,340,1
43,Male,lower_middle,secondary,308.6,493,5.42,11.44,390,0
60,Male,upper_middle,tertiary,731.9,464,8.09,9.22,581,1
29,Female,low,tertiary,770.2,473,4.64,14.64,286,1
7,Male,high,tertiary,871.7,316,13.22,5.85,531,0
30,Male,upper_middle,secondary,544.8,552,12,13.79,468,1
9,Male,low,primary,721.5,513,10.4,11.2,145,1
5,Male,low,secondary,338.1,178,7.5,9.72,273,1
25,Male,low,primary,625.8,345,7.84,10.14,365,1
51,Male,low,primary,297.4,499,7.89,4,403,1
13,Male,low,primary,238.6,87,6.54,5.56,234,1
22,Male,upper_middle,tertiary,823,50,9.6,14.32,133,1
37,Male,low,primary,524,200,9.16,12.84,403,0
23,Female,low,primary,421.9,50,6.57,9.59,411,1
14,Female,low,tertiary,442.7,560,8.59,9.82,280,0
9,Male,upper_middle,tertiary,765.8,393,4.68,8.88,415,1
47,Male,high,tertiary,930.6,630,14.02,14.47,539,1
39,Female,lower_middle,secondary,652.9,194,5.38,11.66,221,1
27,Male,lower_middle,secondary,735,229,10.58,10.64,256,0
48,Male,low,primary,671,235,8.87,6.16,319,1
28,Male,lower_middle,primary,452.5,383,11.74,8.69,234,1
33,Female,low,secondary,430.2,125,4.49,9.73,341,1
50,Male,upper_middle,secondary,699,578,10.48,12.22,449,0
31,Male,low,secondary,707.2,676,6.61,4.14,241,0
38,Female,upper_middle,tertiary,729.3,634,10.97,16.68,430,0
48,Female,upper_middle,secondary,379.2,486,8.54,10.27,360,0
33,Male,low,primary,708.2,343,5.09,8.39,289,0
10,Female,low,secondary,656.1,436,6.08,12.31,575,1
7,Male,upper_middle,secondary,526.9,425,11.8,12.49,395,0
35,Male,low,secondary,387.6,50,4.82,11.78,402,1
17,Female,lower_middle,secondary,388,207,9.56,13.26,283,1
46,Male,low,secondary,401.9,210,9.16,9.84,339,1
30,Male,lower_middle,primary,645.8,117,6.53,11.37,379,1
25,Male,high,tertiary,839.7,979,13.52,17.73,631,0
52,Male,lower_middle,tertiary,808.7,673,10.56,15.24,392,1
54,Male,upper_middle,secondary,789.3,415,9.66,16.49,306,1
7,Male,lower_middle,secondary,550,72,10.55,11.22,379,1
30,Male,low,primary,452.6,556,8.96,9.22,318,1
33,Male,upper_middle,tertiary,630.5,512,6.03,11.88,399,1
11,Female,upper_middle,tertiary,546,404,11.04,20.18,418,0
57,Female,lower_middle,secondary,569.5,792,8.77,10.45,378,0
59,Female,lower_middle,primary,492,337,7.54,13.77,314,0
60,Female,upper_middle,secondary,756.3,301,10.35,14,395,1
30,Female,upper_middle,secondary,672.7,288,9.77,16.82,354,0
10,Male,low,primary,331.1,229,8.72,8.72,426,1
47,Male,upper_middle,secondary,628.4,399,11.18,12.83,359,0
46,Male,high,tertiary,980.6,459,11.1,10.95,563,1
9,Female,upper_middle,secondary,725.5,57,8.92,11.62,422,1
39,Female,low,primary,532.9,518,7.71,9.07,311,1
50,Female,high,tertiary,405.3,772,7.23,11.07,472,1
7,Female,upper_middle,tertiary,863.7,55,9.97,13.32,585,0
13,Male,low,secondary,440.9,480,8.41,6.03,259,1
43,Male,upper_middle,primary,742.1,613,8.79,16.91,299,1
11,Female,lower_middle,secondary,636.4,324,6.32,9.49,206,1
34,Female,low,tertiary,656.7,141,10.18,6.38,356,1
20,Male,low,primary,481.2,553,4.45,8.27,270,0
6,Female,low,primary,304,333,8.2,6.41,352,0
28,Male,upper_middle,tertiary,794.1,345,9.35,13.06,320,0
30,Male,low,primary,353.2,404,10.21,4.15,277,0
32,Female,low,primary,784.1,370,6.24,11.36,524,0
6,Female,low,primary,671.9,640,5.08,11.8,452,0
28,Male,lower_middle,secondary,664.6,320,7.91,7.24,307,1
32,Male,low,primary,556.7,306,6.91,8.56,322,1
6,Female,low,primary,667.3,374,9.17,8.76,298,0
8,Male,upper_middle,secondary,718,352,9.26,10.45,355,0
38,Female,upper_middle,tertiary,577.9,248,12.54,10.06,380,0
8,Female,low,secondary,593.2,556,6.66,10.1,311,1
46,Female,high,secondary,754.7,441,10.38,7.75,517,0
34,Male,lower_middle,secondary,510.7,533,9.02,14.74,308,1
59,Female,low,secondary,780.6,448,8.56,9.72,268,1
58,Male,upper_middle,tertiary,565.1,718,11.13,11.72,261,0
36,Male,lower_middle,primary,855.9,477,10.87,13.43,361,0
47,Female,lower_middle,primary,673.5,617,8.14,6.95,376,0
57,Male,high,tertiary,772.1,510,8.83,11.03,401,0
18,Male,low,secondary,917.4,1068,8.23,8.26,532,1
58,Female,lower_middle,tertiary,823.7,50,10.09,10.93,344,0
47,Male,low,primary,517.2,734,7.28,8.93,349,0
16,Male,upper_middle,secondary,687.8,188,12.52,10.67,381,0
8,Female,upper_middle,secondary,1039.6,679,6.86,14.99,564,0
8,Male,lower_middle,tertiary,735.2,580,7.35,10.02,350,0
57,Male,low,secondary,529.4,645,7.59,12.79,364,1
14,Male,low,primary,795.7,50,9.28,4.24,439,1
6,Male,low,primary,249.5,173,7.38,13.48,325,1
46,Female,lower_middle,primary,530.8,294,6.06,9.58,323,1
45,Female,low,secondary,432.1,291,7,10.04,248,0
19,Female,low,secondary,413.7,200,7.21,6.51,415,0
23,Male,lower_middle,secondary,667.1,485,6.31,8.63,295,1
11,Male,lower_middle,secondary,734.1,501,5.87,10.19,440,1
23,Female,low,primary,618.1,50,7.82,8.54,120,0
57,Male,high,tertiary,952.1,572,9.85,12.19,351,1
31,Male,low,primary,620,566,7.77,11.79,283,0
43,Female,lower_middle,secondary,612.2,209,7.04,12.38,403,1
27,Male,low,secondary,408.9,282,6.3,11.14,272,0
58,Male,high,secondary,609,501,14.42,13.88,284,1
21,Female,upper_middle,secondary,698.4,359,9.82,16.77,277,1
23,Female,low,primary,534.6,318,8.1,11.4,299,1
42,Male,upper_middle,tertiary,907,513,11.22,11.61,523,1
15,Male,lower_middle,primary,645.5,361,11.41,12.21,309,1
5,Male,low,secondary,746.9,257,4.57,6.07,308,1
12,Male,high,tertiary,764.2,629,10.94,18.46,400,0
38,Male,upper_middle,secondary,709.7,566,6.97,12.75,528,0
57,Male,low,secondary,831.1,63,8.89,4.82,146,1
30,Male,high,tertiary,906.7,487,13.23,10.3,258,0
14,Male,lower_middle,secondary,568.4,1394,9.29,13.85,409,0
56,Female,upper_middle,secondary,529.3,538,10.77,12.06,360,1
49,Female,lower_middle,primary,722.1,342,3.9,11.36,269,1
49,Female,lower_middle,secondary,935,423,4.69,9.29,236,1
16,Male,low,primary,150,424,7.93,8.39,346,1
14,Female,upper_middle,tertiary,391.6,310,9.64,11.67,356,1
53,Male,lower_middle,secondary,643.8,291,5.13,12.44,484,1
59,Male,upper_middle,tertiary,1038.2,1024,12.53,17.89,431,0
8,Male,lower_middle,primary,559.7,689,12.61,9.03,366,1
12,Female,upper_middle,tertiary,534.8,335,7.05,16.29,327,1
26,Male,low,primary,561.2,185,13.09,12.85,515,1
57,Female,high,secondary,886.9,426,8.58,13.21,579,0
27,Female,upper_middle,tertiary,621,1047,12.24,9.68,312,0
16,Female,lower_middle,secondary,629.7,296,7.77,13.62,297,1
59,Female,lower_middle,secondary,547.3,350,11.52,11.09,436,1
27,Female,low,primary,766.8,356,10.56,6.33,433,1
55,Female,lower_middle,secondary,503.1,277,5.14,10.24,378,1
30,Male,high,tertiary,944.9,76,10.46,9.57,379,1
26,Male,upper_middle,secondary,702.4,693,9.21,10.07,363,0
10,Male,upper_middle,secondary,561.3,407,11.74,8.99,300,0
28,Male,upper_middle,tertiary,466.9,397,9.83,12.56,355,1
41,Male,low,secondary,274.3,320,9.14,8.47,349,0
45,Male,low,primary,495,356,6.56,9.33,366,1
5,Male,upper_middle,secondary,797.1,617,13.04,10.76,491,0
40,Male,low,primary,338.9,342,5.66,6.8,212,1
37,Female,low,secondary,450.4,154,7.76,7.9,307,0
55,Male,low,secondary,641.9,286,6.98,8.19,204,1
52,Female,low,secondary,544.4,510,8.42,7.98,386,1
43,Male,upper_middle,tertiary,887.6,893,13.3,14.27,448,1
37,Female,upper_middle,secondary,290.1,218,7.71,12.58,380,0
33,Male,high,tertiary,551.7,644,12.29,6.82,429,0
51,Male,upper_middle,secondary,808.7,698,11.03,15.6,370,0
55,Male,upper_middle,secondary,811.5,1244,10.83,15.73,529,1
16,Female,upper_middle,tertiary,482.2,453,9.37,12.17,300,1
23,Male,upper_middle,secondary,819.9,637,13.27,14.22,349,1
32,Male,lower_middle,secondary,792.9,408,10.36,14.04,326,0
25,Female,lower_middle,secondary,680,284,7.11,11.47,319,1
15,Male,upper_middle,tertiary,513.3,378,9.16,11.47,322,0
24,Female,upper_middle,secondary,458.4,475,11.76,11.49,385,1
40,Female,low,secondary,591.2,398,8.15,10.33,355,1
32,Male,upper_middle,secondary,400.4,203,9.44,17.33,476,0
35,Female,lower_middle,tertiary,586.5,284,9.85,9.62,346,1
6,Female,lower_middle,primary,550.3,190,7.22,9.5,449,0
41,Male,lower_middle,secondary,777,280,9.25,8.82,324,0
30,Female,low,primary,303.5,330,5.52,10.63,247,1
58,Male,upper_middle,secondary,499.7,244,12.36,8.15,341,0
22,Female,lower_middle,secondary,586.9,346,10,8.5,496,1
33,Female,low,primary,579.8,551,8,8.16,196,0
18,Male,lower_middle,secondary,701.2,413,11.72,14.53,420,0
33,Male,lower_middle,primary,884.2,350,4.15,9.68,381,0
18,Female,low,secondary,636.6,452,2.87,15.38,354,1
11,Female,lower_middle,secondary,319.9,498,6.73,5.07,392,0
49,Female,lower_middle,secondary,591.5,198,9.47,10.5,369,1
33,Female,upper_middle,primary,445.4,465,7.14,12.62,338,1
26,Male,upper_middle,tertiary,920.9,424,9.9,13.45,570,0
17,Male,upper_middle,secondary,751.9,399,11.74,11.51,369,0
59,Male,lower_middle,secondary,606.7,203,8.73,15.39,394,0
35,Male,lower_middle,secondary,593.3,188,10.5,7.31,332,0
28,Male,low,secondary,677.1,211,8.3,15.4,243,1
49,Female,low,primary,415.3,288,8.75,9.46,366,0
44,Male,low,secondary,573.9,267,2.23,12.34,316,1
22,Female,upper_middle,tertiary,848.6,493,5.07,12.83,602,0
22,Male,lower_middle,secondary,749.6,67,5.71,6.54,443,1
40,Male,lower_middle,secondary,224.9,520,4.63,6.56,333,1
51,Male,lower_middle,secondary,608.3,397,11.03,9.09,278,1
24,Male,high,secondary,1402,1453,14.12,13.88,534,0
16,Female,upper_middle,tertiary,577.2,373,11.8,8.47,358,0
22,Male,upper_middle,primary,479.1,413,11.86,12.24,387,0
20,Male,low,secondary,542.3,243,6.75,11.68,149,0
37,Female,low,primary,677.5,535,7.99,6.92,151,1
21,Male,low,primary,576.7,378,8.58,6.3,228,1
58,Female,high,tertiary,752.1,777,16.82,15.66,563,1
12,Male,lower_middle,primary,150,377,7.32,10.03,240,0
25,Male,lower_middle,primary,628.6,104,7.15,11.98,410,1
47,Female,lower_middle,secondary,736.8,587,9.5,11.63,352,0
15,Male,upper_middle,secondary,601.7,627,9.56,7.41,426,0
29,Female,upper_middle,secondary,742.8,214,10.84,4,536,1
36,Male,lower_middle,tertiary,322.6,50,13.42,10.99,269,1
12,Female,upper_middle,primary,640.1,355,10.19,12.23,273,0
38,Male,low,primary,579.3,138,9.65,10.73,205,1
35,Female,low,primary,635.7,566,6.27,7.94,316,1
44,Female,high,tertiary,710.4,174,14.63,14.05,537,0
32,Male,upper_middle,secondary,671.3,755,4.93,10.41,323,1
47,Male,lower_middle,secondary,426.7,512,12.62,10.99,395,1
33,Female,lower_middle,secondary,491.3,425,7.29,11.18,300,1
38,Female,low,primary,323.5,409,10.63,11.22,506,1
44,Female,low,secondary,690.8,84,9.71,10.74,281,0
44,Female,lower_middle,secondary,432.6,314,9.35,7.62,248,0
8,Male,low,primary,495.3,135,6.85,7.69,232,1
26,Female,upper_middle,secondary,511.2,131,9.73,11.28,492,0
32,Female,lower_middle,secondary,522.2,539,9.38,8.77,261,1
38,Male,lower_middle,secondary,604.6,204,7.76,9.19,426,1
7,Male,upper_middle,secondary,581.4,606,6.18,10.57,451,0
8,Female,low,primary,453.4,154,7.99,7.29,198,1
59,Female,low,primary,572.4,510,6.87,8.65,243,0
9,Male,low,secondary,730.1,164,3.42,14.49,122,0
41,Male,upper_middle,tertiary,581.1,722,11.7,10.6,435,0
19,Male,low,primary,714.9,228,10.81,10.71,244,1
14,Female,low,primary,720.4,400,5.7,6.56,250,1
20,Female,upper_middle,tertiary,637.4,376,9.44,9.66,561,1
56,Female,upper_middle,secondary,561.3,476,7.71,12.47,381,1
31,Male,low,secondary,382.5,50,9.94,8.55,460,1
14,Female,lower_middle,secondary,529.3,405,6.22,7.47,334,1
5,Male,lower_middle,secondary,337.3,483,9.6,13.12,198,0
24,Male,upper_middle,secondary,573.2,301,11.59,11.53,426,0
55,Female,upper_middle,tertiary,851.4,225,7.69,12.4,425,0
7,Female,high,tertiary,805.9,280,10,12.31,434,0
32,Female,high,secondary,893.3,1149,13.51,21.18,515,0
25,Male,low,tertiary,600.4,241,9.07,12.67,458,1
14,Male,lower_middle,secondary,603.4,270,10.27,14.55,571,0
45,Male,lower_middle,primary,490.6,237,9.93,12.94,298,0
32,Male,high,tertiary,485.5,602,7.98,14.68,413,0
11,Male,low,secondary,394.5,517,8.05,9.02,429,1
60,Male,low,primary,583.6,360,8.17,12.58,266,1
48,Male,low,primary,805.3,250,8.93,6.45,322,0
32,Male,upper_middle,tertiary,843.7,345,10.96,13.17,398,0
28,Female,upper_middle,tertiary,1001.7,50,8.68,14.2,375,0
37,Female,low,secondary,613,298,8.02,7.53,313,0
49,Male,low,secondary,722.4,429,7.49,8.51,157,1
10,Male,upper_middle,secondary,545.7,290,9.12,11.91,397,0
14,Male,lower_middle,secondary,453.4,293,10.17,10.32,385,0
14,Male,low,primary,794.4,624,12.94,8.58,388,0
55,Male,lower_middle,primary,743,458,8.19,14.66,367,0
30,Female,low,primary,799.2,360,9.6,7.91,247,1
45,Male,upper_middle,tertiary,534.5,544,10.94,7.41,388,0
15,Female,upper_middle,tertiary,579.1,465,8.3,14.36,357,1
7,Female,low,secondary,150,243,7.85,7.6,283,1
24,Male,upper_middle,secondary,808.8,212,8.94,15.23,478,1
31,Female,upper_middle,secondary,473.9,53,10.3,11.91,343,0
24,Male,low,primary,865,463,7.7,8.59,268,0
8,Female,upper_middle,secondary,632.5,406,8.7,13.42,395,0
31,Female,lower_middle,primary,1057.5,403,7.76,7.02,346,1
45,Male,low,secondary,809.9,408,6.6,4.47,377,0
20,Male,lower_middle,primary,688.2,379,3.34,9.66,491,1
25,Male,upper_middle,secondary,326.5,93,9.41,12.22,451,0
44,Male,high,secondary,592.4,352,10.03,12.08,293,1
48,Male,upper_middle,primary,845.2,367,9.87,7.97,393,1
22,Female,low,primary,406.9,456,8.01,7.95,149,1
54,Female,upper_middle,tertiary,934.2,451,10.07,14.84,574,0
43,Female,lower_middle,secondary,779.6,400,9.75,11.75,448,1
14,Male,upper_middle,secondary,739.1,462,9.58,10.03,459,1
18,Female,upper_middle,tertiary,447.7,537,6.96,13.86,149,0
50,Female,low,secondary,1016.2,1111,8.33,16.67,629,1
36,Female,upper_middle,primary,378.3,278,12.78,7.3,430,1
26,Female,low,primary,296.4,394,7.14,10.03,300,1
48,Male,lower_middle,secondary,477.9,50,12.32,8.15,320,0
26,Male,low,secondary,510.6,195,8.99,9.42,263,1
38,Female,high,tertiary,833.7,280,11.72,16.46,519,0
41,Female,lower_middle,secondary,362.3,503,9.42,14.48,298,0
15,Female,upper_middle,tertiary,929,273,12.15,12.79,155,0
59,Male,lower_middle,primary,558.1,137,5.14,10.87,252,0
38,Male,low,primary,412.4,292,8.95,11.78,361,0
43,Male,low,primary,536.3,438,10.43,9.28,190,1
31,Male,low,primary,663.5,251,10.32,8.2,312,1
17,Female,lower_middle,secondary,884,160,9.94,12.81,337,0
39,Male,upper_middle,secondary,588.1,200,7.29,9.79,281,1
5,Female,low,secondary,563.4,73,11.1,10.2,154,1
36,Male,high,secondary,766.7,692,10.07,15.52,575,0
11,Female,low,secondary,509.2,96,6.6,13.24,314,0
15,Male,high,tertiary,690.5,411,12.96,11.17,599,0
21,Female,upper_middle,tertiary,844.5,1219,12.78,13.69,549,0
53,Female,upper_middle,tertiary,565.1,569,9.39,19.1,389,0
8,Female,upper_middle,secondary,646.5,615,9.82,19.41,313,0
23,Male,upper_middle,tertiary,806.8,199,8.66,9.43,219,1
8,Female,high,secondary,360.4,957,13.04,19.28,491,0
27,Female,low,primary,500.8,330,10.86,16.96,427,1
57,Female,upper_middle,secondary,1127,952,9.99,15.18,444,1
16,Male,low,secondary,534.1,359,6.98,5.15,237,1
13,Male,lower_middle,secondary,781,543,10.89,15.5,305,1
41,Female,upper_middle,secondary,559.6,723,11.71,8.83,448,0
23,Male,lower_middle,secondary,494.1,430,10.59,15.8,293,1
34,Male,lower_middle,secondary,462.4,219,11.54,12.69,274,1
59,Male,low,primary,641.6,367,7.35,4,311,1
10,Male,upper_middle,secondary,682,539,9.55,15.57,105,0
34,Male,low,primary,409.7,368,9.23,12.73,387,1
54,Male,lower_middle,tertiary,461.9,393,4.42,11.5,187,1
43,Female,high,tertiary,784.1,391,9.32,13.23,358,0
59,Female,lower_middle,primary,683.5,207,9.72,7.78,227,1
21,Female,upper_middle,tertiary,780.2,619,9.14,11.45,377,0
42,Female,lower_middle,secondary,726.3,379,8.66,10.64,443,1
42,Male,lower_middle,primary,630.1,610,10.76,12.78,533,1
42,Male,low,secondary,375.9,50,7.75,10.11,402,0
14,Female,low,primary,341,287,7.28,5.43,290,1
47,Female,low,tertiary,513.6,746,9.28,7.04,284,0
24,Female,upper_middle,tertiary,1027.7,345,8.99,13.54,344,0
12,Male,low,secondary,535.7,501,9.81,5.35,145,1
55,Male,low,secondary,493.9,230,9.86,10.48,253,0
32,Male,lower_middle,primary,490.2,259,12.44,9.65,391,0
45,Male,low,tertiary,495.1,114,5.45,12.84,515,0
25,Female,lower_middle,secondary,708.5,259,8.59,14.71,592,0
30,Female,low,primary,618.3,526,8.13,7.22,222,1
7,Female,low,primary,488.5,50,4.19,11.66,399,1
30,Male,lower_middle,primary,581.6,239,8.66,11.38,296,1
36,Female,low,primary,442.2,50,9.21,11.93,290,1
46,Male,low,secondary,747.6,50,8.68,5.96,374,0
36,Male,low,secondary,691.8,278,6.63,10.19,543,1
27,Male,high,tertiary,581.5,435,10.12,16.35,429,0
10,Male,lower_middle,secondary,651.1,237,9.77,7.43,301,1
29,Female,upper_middle,secondary,538.8,1309,13.53,18.55,395,0
46,Male,high,tertiary,648.6,565,7.52,12.56,299,1
36,Female,high,secondary,880.7,520,12.3,11.26,458,0
17,Male,upper_middle,tertiary,549.1,521,10.34,13.05,360,0
36,Male,high,tertiary,834.8,469,11.85,8.98,511,1
35,Male,lower_middle,secondary,796.6,106,7.57,11.31,385,0
30,Male,lower_middle,secondary,477.5,482,10.94,8.03,230,1
40,Female,low,primary,538.8,50,5.82,11.33,233,1
38,Female,lower_middle,secondary,870.6,566,12.21,10.56,333,0
48,Male,lower_middle,secondary,386.4,50,8.66,8.36,407,1
13,Male,low,primary,312.7,80,8.38,13.51,463,1
36,Female,high,tertiary,768.5,712,9.19,10.02,551,1
46,Female,low,primary,369.9,628,7.11,8.43,371,1
27,Male,high,secondary,891.5,500,11.65,14.16,452,0
14,Male,lower_middle,secondary,684.8,133,7.45,11.13,341,1
33,Male,lower_middle,secondary,631.2,469,12.67,7.62,458,0
50,Male,low,secondary,500.4,277,7.82,10.96,248,1
7,Female,low,secondary,563.7,354,10.92,8.25,396,0
37,Female,low,primary,601.5,370,6.41,7.66,353,1
10,Male,low,primary,529.5,556,8.35,9.88,303,1
57,Male,low,primary,662.2,403,5.51,14.48,184,1
44,Male,upper_middle,secondary,510.9,137,3.42,12.15,412,0
28,Male,low,secondary,482.5,80,7.76,8.59,163,0
47,Female,low,primary,497.9,118,10.02,5.61,491,1
41,Female,lower_middle,secondary,539.5,654,11,13.95,359,0
47,Female,low,secondary,210.2,374,7.58,7.68,504,1
9,Male,lower_middle,secondary,375.9,338,9.8,6.96,363,0
36,Male,low,primary,314.5,399,9.21,4,349,1
21,Female,lower_middle,secondary,564.2,61,6.76,15.45,411,1
22,Female,lower_middle,primary,633.4,214,8.52,8.07,367,1
14,Female,high,tertiary,780.9,580,9.95,13.23,442,0
30,Female,high,secondary,521.7,633,10.79,11.85,535,1
42,Female,lower_middle,secondary,663.3,795,10.5,13.05,372,0
43,Female,high,tertiary,610.5,563,9.45,10.86,482,0
11,Male,lower_middle,secondary,989.7,1533,10.86,10.26,567,0
20,Male,low,primary,840.1,71,9.67,10.8,265,0
32,Female,high,tertiary,857.8,556,11.61,15.44,339,1
7,Female,lower_middle,secondary,765.7,226,13.15,10.56,388,1
19,Female,lower_middle,secondary,568.7,210,7,10.06,235,0
25,Female,upper_middle,tertiary,907,198,9.87,10.01,459,1
14,Male,low,primary,377,293,11.84,6.65,141,0
11,Male,lower_middle,secondary,726.1,521,8.55,11.06,206,1
50,Male,low,primary,520,202,9.73,12.16,256,1
37,Male,low,secondary,235.6,123,10.31,6.03,212,1
18,Male,lower_middle,primary,238.3,225,10.09,8.99,252,1
32,Female,high,tertiary,769.5,254,11.04,12.02,408,0
9,Male,upper_middle,tertiary,696.7,1091,9.96,14.31,364,0
45,Male,lower_middle,secondary,565.1,205,11.43,6.64,336,0
26,Female,low,secondary,643.2,374,6.22,12.38,374,1
28,Male,lower_middle,secondary,568.2,345,6.2,9.77,317,1
16,Female,low,primary,518.9,248,8.31,12.03,360,0
42,Female,upper_middle,secondary,612.3,643,9.69,8.18,398,0
44,Male,lower_middle,primary,533.5,477,8.42,9.54,412,1
38,Female,lower_middle,secondary,464.5,158,7.33,7.29,387,0
39,Male,low,primary,536.4,133,4.66,8.88,231,0
50,Male,high,secondary,543.2,335,9.76,15.47,487,1
58,Male,lower_middle,secondary,649,481,5.14,12.94,318,0
19,Male,high,primary,892.2,654,9.24,20.79,471,1
52,Male,low,primary,466.2,393,3.69,13.19,356,1
12,Male,low,secondary,777.2,427,8.83,8.08,343,1
22,Female,lower_middle,secondary,448.1,399,7.64,6.87,330,1
44,Female,lower_middle,secondary,875.3,209,7.07,14.9,206,0
53,Female,upper_middle,secondary,632.7,406,9.2,14.49,376,1
43,Female,lower_middle,secondary,640.3,321,11.28,11.39,257,1
19,Male,upper_middle,secondary,690.4,330,10.15,12.4,271,1
28,Female,upper_middle,primary,819.3,192,6.87,13.79,434,1
52,Male,low,secondary,840.7,311,5.84,10.12,248,1
24,Female,high,tertiary,874.1,465,11.83,12.85,445,0
13,Female,low,primary,831.1,212,7.11,7.51,287,0
44,Male,low,primary,243.2,611,8.66,8.69,308,0
57,Female,lower_middle,tertiary,758.4,423,10.62,4,427,1
57,Male,upper_middle,tertiary,564.9,218,9.85,6.75,410,1
36,Male,low,secondary,669.3,50,8.6,8.09,194,1
27,Female,low,primary,725.9,151,7.18,13.36,313,0
30,Female,low,primary,395.1,177,8.89,11.81,266,1
9,Male,upper_middle,secondary,544.4,63,10.42,11.29,473,1
27,Male,low,primary,753.4,233,6.96,5.4,100,1
22,Male,upper_middle,tertiary,705.8,101,10.8,5.28,344,1
26,Male,upper_middle,tertiary,680.6,985,12.27,14.66,330,1
51,Female,high,tertiary,647.3,451,12.26,13.77,418,1
13,Male,high,tertiary,755.1,574,8.47,10.98,291,0
49,Male,low,primary,675.6,505,10.34,13.46,385,1
40,Female,upper_middle,tertiary,843.9,50,9.4,9.66,327,0
55,Male,lower_middle,secondary,275.6,724,7.59,17.06,410,1
24,Female,low,secondary,281.7,616,8.93,12.44,145,1
22,Male,low,primary,470.7,399,9.21,12.51,210,1
54,Male,low,primary,655,118,7.48,14.9,254,1
12,Male,high,tertiary,945.3,1246,13.52,16.84,678,0
11,Male,low,primary,411.8,449,7.56,6.86,217,1
48,Female,upper_middle,tertiary,615.7,311,14.61,12.3,434,0
31,Female,upper_middle,primary,666.6,209,10.95,12.16,292,1
29,Female,lower_middle,secondary,891.9,401,8.72,8.48,281,1
37,Male,low,tertiary,681.4,348,9.54,6.85,261,0
44,Female,low,secondary,729,227,9.61,6.14,406,1
45,Male,high,tertiary,686.8,490,11.97,10.6,371,0
23,Male,upper_middle,secondary,1012.4,674,12.39,14.75,565,0
41,Male,low,primary,528.8,185,3.3,8.17,129,0
18,Male,lower_middle,secondary,734.2,437,10.94,16.3,173,0
28,Female,high,tertiary,1032.1,1337,12.57,18.73,593,1
19,Male,low,secondary,500.2,626,9.11,10.36,379,1
45,Female,lower_middle,secondary,955.9,291,11.83,14.68,439,0
6,Male,upper_middle,tertiary,679.6,444,10.08,11.69,411,0
44,Female,low,secondary,457.2,576,7.79,7.56,366,0
48,Female,lower_middle,secondary,783.3,292,8.78,10.41,382,1
26,Male,high,secondary,662.9,489,9.2,12.28,392,1
7,Female,lower_middle,secondary,489.3,192,7.68,6.74,224,1
28,Male,upper_middle,tertiary,670.3,546,10.04,13.31,382,1
51,Female,upper_middle,tertiary,701.5,435,7.09,14.03,352,0
24,Female,low,primary,606.1,354,7.65,12.63,219,1
35,Male,low,primary,492.5,50,7.34,12.66,445,0
48,Male,lower_middle,secondary,670.3,137,9.28,14.09,280,1
59,Male,low,primary,588.9,784,6.59,6.85,428,0
13,Female,low,primary,647,187,8.15,7.95,453,1
9,Female,low,primary,453.4,182,5.03,7.83,309,0
50,Male,upper_middle,secondary,860.6,324,12.26,6.14,375,0
51,Female,upper_middle,secondary,613.5,454,11.42,10.22,404,1
37,Male,upper_middle,secondary,780.8,690,13.1,14.8,572,0
17,Female,low,primary,702.9,480,8.03,4.56,196,1
25,Male,lower_middle,tertiary,1046.2,1499,11.69,15.84,515,0
36,Male,low,secondary,722.1,465,8.86,8.83,182,1
57,Female,upper_middle,secondary,300.2,181,10.51,15.75,284,0
6,Male,lower_middle,secondary,936.2,579,12.36,10.72,308,1
58,Male,low,secondary,727.5,431,8.48,11.99,237,1
49,Female,upper_middle,secondary,391.3,683,12.76,18.53,308,1
59,Female,low,primary,413.6,90,3.49,11.98,300,1
26,Female,high,tertiary,485.6,491,14.93,13.53,508,1
10,Male,low,primary,749.9,345,8.37,10.8,297,0
51,Female,upper_middle,secondary,848.3,624,14.57,14.69,488,0
32,Female,lower_middle,secondary,687.2,295,11.2,13.06,189,1
29,Male,lower_middle,secondary,846,465,8.99,12.15,248,1
56,Female,low,secondary,564,379,11.45,9.59,353,1
39,Male,high,secondary,683.4,423,11.05,13.96,448,1
5,Female,upper_middle,secondary,521.4,195,9.86,7.49,546,0
49,Male,high,secondary,925.3,1365,12.03,15.05,388,0
21,Female,low,primary,424.4,213,6.55,11.8,122,1
33,Female,lower_middle,primary,652,363,7.08,10,536,0
30,Male,lower_middle,secondary,568.8,529,6.42,13.87,341,1
16,Male,low,primary,924.9,448,8.89,8.5,371,1
20,Female,lower_middle,tertiary,480.4,1000,11.37,13.95,622,1
31,Male,high,secondary,701,471,10.89,8.63,272,0
37,Female,upper_middle,tertiary,765.8,548,8.44,13.51,371,0
47,Female,lower_middle,secondary,782.5,62,4.19,15.98,342,1
35,Male,lower_middle,primary,607.4,243,6.5,5.48,364,1
46,Female,lower_middle,secondary,604.4,418,8.67,10.79,487,1
52,Female,low,primary,596.7,299,10.77,13.05,253,1
17,Female,low,secondary,535.9,250,6.08,14.51,362,1
18,Male,lower_middle,secondary,794.1,688,9.07,10.41,361,0
9,Male,lower_middle,secondary,536.6,442,5.81,13.86,239,0
47,Male,low,secondary,624,512,6.45,7.54,453,1
10,Male,low,secondary,425.7,236,9.24,11.4,405,1
32,Female,high,tertiary,685.8,524,12.16,9.51,358,0
60,Female,low,primary,820,273,8.01,9.56,345,0
59,Female,low,tertiary,394.5,50,9.45,4,339,1
46,Male,lower_middle,tertiary,737.2,180,9.48,12.46,412,1
53,Female,lower_middle,primary,463.9,274,8.27,10.43,443,0
34,Male,lower_middle,secondary,641.4,685,10.05,7.33,470,1
6,Male,low,tertiary,356,255,6.95,9.15,310,0
14,Female,upper_middle,tertiary,569.1,526,10.31,10.99,303,1
27,Female,lower_middle,primary,462.9,131,10.83,12.48,312,1
32,Female,low,secondary,541.8,448,8.89,9.81,323,1
19,Male,lower_middle,secondary,773.6,50,10.06,4.43,249,1
47,Male,lower_middle,secondary,454,598,8.15,12.31,377,1
32,Male,low,primary,776,73,7.87,10.13,413,1
42,Male,low,primary,521.1,91,4.76,6.99,330,1
60,Female,upper_middle,secondary,926.1,466,11.38,7.86,409,0
37,Male,lower_middle,secondary,533.7,599,8.86,10.42,349,0
37,Female,low,primary,302.8,679,8.07,9.52,334,1
30,Female,upper_middle,tertiary,648.2,255,10.47,11.3,483,0
8,Female,lower_middle,secondary,456.2,496,8.04,16.72,368,0
6,Female,lower_middle,secondary,549.7,601,7.4,7.13,115,1
46,Female,low,secondary,496.9,365,6.09,9.41,307,1
32,Female,low,secondary,869.2,734,8.5,11.06,375,1
16,Male,lower_middle,tertiary,500.6,426,12.5,10.19,325,1
24,Female,upper_middle,secondary,628.1,50,9.75,14.83,418,0
30,Female,low,primary,577.2,352,5.9,4.32,493,1
20,Female,lower_middle,tertiary,281.5,671,8.11,13.47,341,0
40,Male,low,primary,704.5,279,3.05,11.21,307,1
59,Female,upper_middle,secondary,646.8,494,12.9,14.67,417,1
56,Male,low,primary,449.5,666,4.11,6.82,300,1
22,Male,lower_middle,secondary,834.1,1730,6.56,11.59,360,1
24,Male,low,primary,358.9,351,9.44,6.41,339,1
60,Female,upper_middle,tertiary,584.4,509,8.56,13.74,376,1
42,Female,upper_middle,primary,930.6,601,9.29,4,415,1
9,Male,high,secondary,829.8,456,10.2,11.93,558,1
6,Male,upper_middle,secondary,908.8,207,9.07,12.25,198,1
32,Male,low,secondary,383.5,513,6.79,10.61,142,1
8,Female,upper_middle,secondary,562,148,6.96,10.15,403,0
45,Female,upper_middle,primary,524.5,118,9.33,8.27,252,0
28,Male,upper_middle,tertiary,849.5,433,5.2,16.86,239,1
8,Female,upper_middle,secondary,535.5,558,10.31,14.7,392,1
38,Male,low,primary,753.4,312,8.87,10.37,447,1
20,Female,high,tertiary,1085.1,485,9.27,12.94,443,1
20,Female,low,primary,668.9,341,6.78,12.52,262,1
50,Female,upper_middle,secondary,704.8,353,12.07,10.51,432,0
46,Male,low,secondary,494.7,216,9.43,12.23,100,1
34,Male,low,secondary,741.8,228,9.93,8.53,247,1
22,Female,low,secondary,679.3,262,6.78,9.55,388,1
48,Male,low,primary,737.2,589,5.74,9.22,352,1
20,Female,low,secondary,862.6,353,6.73,8.27,341,1
54,Female,low,primary,457.6,231,11.31,11.24,196,1
43,Female,upper_middle,tertiary,253.7,406,11.01,12.69,436,0